{"text": " Woohoo! Have I surprised?", "segments": [{"id": 0, "seek": 0, "start": 0.0, "end": 2.0, "text": " Woohoo!", "tokens": [50364, 10468, 19069, 0, 50464], "temperature": 0.2, "avg_logprob": -0.9248430728912354, "compression_ratio": 0.7575757575757576, "no_speech_prob": 0.025433843955397606}, {"id": 1, "seek": 0, "start": 3.0, "end": 5.0, "text": " Have I surprised?", "tokens": [50514, 3560, 286, 6100, 30, 50614], "temperature": 0.2, "avg_logprob": -0.9248430728912354, "compression_ratio": 0.7575757575757576, "no_speech_prob": 0.025433843955397606}], "language": "en"}