{"text": " It's going to wait for a pause of about 2-3 seconds.", "segments": [{"id": 0, "seek": 0, "start": 0.0, "end": 5.0, "text": " It's going to wait for a pause of about 2-3 seconds.", "tokens": [50364, 467, 311, 516, 281, 1699, 337, 257, 10465, 295, 466, 568, 12, 18, 3949, 13, 50614], "temperature": 0.0, "avg_logprob": -0.40845481554667157, "compression_ratio": 0.8666666666666667, "no_speech_prob": 0.02301906794309616}], "language": "en"}