{"text": " As a test, I am trying to check if whisper is giving me a transcript and I do not know how long it takes.", "segments": [{"id": 0, "seek": 0, "start": 0.0, "end": 9.0, "text": " As a test, I am trying to check if whisper is giving me a transcript and I do not know how long it takes.", "tokens": [50364, 1018, 257, 1500, 11, 286, 669, 1382, 281, 1520, 498, 26018, 307, 2902, 385, 257, 24444, 293, 286, 360, 406, 458, 577, 938, 309, 2516, 13, 50814], "temperature": 0.0, "avg_logprob": -0.29515401248274176, "compression_ratio": 1.1538461538461537, "no_speech_prob": 0.008105816319584846}], "language": "en"}