{"text": " If this is given me a transcript, as you can see, there is a transcript visible now and I will just keep speaking until I get a sufficient amount of text on the screen.", "segments": [{"id": 0, "seek": 0, "start": 0.0, "end": 13.0, "text": " If this is given me a transcript, as you can see, there is a transcript visible now and I will just keep speaking until I get a sufficient amount of text on the screen.", "tokens": [50364, 759, 341, 307, 2212, 385, 257, 24444, 11, 382, 291, 393, 536, 11, 456, 307, 257, 24444, 8974, 586, 293, 286, 486, 445, 1066, 4124, 1826, 286, 483, 257, 11563, 2372, 295, 2487, 322, 264, 2568, 13, 51014], "temperature": 0.0, "avg_logprob": -0.3077379703521729, "compression_ratio": 1.3548387096774193, "no_speech_prob": 0.015464011579751968}], "language": "en"}