{"text": " there you go that is a transcript that I have now shown on the screen and I am happy with so I will be taking the screenshot and putting this on my readme", "segments": [{"id": 0, "seek": 0, "start": 0.0, "end": 6.5600000000000005, "text": " there you go that is a transcript that I have now shown on the screen and I am happy with", "tokens": [50364, 456, 291, 352, 300, 307, 257, 24444, 300, 286, 362, 586, 4898, 322, 264, 2568, 293, 286, 669, 2055, 365, 50692], "temperature": 0.0, "avg_logprob": -0.3213161321786734, "compression_ratio": 1.4128440366972477, "no_speech_prob": 0.02144748345017433}, {"id": 1, "seek": 0, "start": 6.5600000000000005, "end": 11.52, "text": " so I will be taking the screenshot and putting this on my readme", "tokens": [50692, 370, 286, 486, 312, 1940, 264, 27712, 293, 3372, 341, 322, 452, 1401, 1398, 50940], "temperature": 0.0, "avg_logprob": -0.3213161321786734, "compression_ratio": 1.4128440366972477, "no_speech_prob": 0.02144748345017433}], "language": "en"}