{"text": " is that's what an ideal amount of pauses between sentences.", "segments": [{"id": 0, "seek": 0, "start": 0.0, "end": 7.28, "text": " is that's what an ideal amount of pauses between sentences.", "tokens": [50364, 307, 300, 311, 437, 364, 7157, 2372, 295, 2502, 8355, 1296, 16579, 13, 50728], "temperature": 0.0, "avg_logprob": -0.391182541847229, "compression_ratio": 0.9672131147540983, "no_speech_prob": 0.00330258603207767}], "language": "en"}