{"text": " Okay, so I am just taking this right now.", "segments": [{"id": 0, "seek": 0, "start": 0.0, "end": 4.0, "text": " Okay, so I am just taking this right now.", "tokens": [50364, 1033, 11, 370, 286, 669, 445, 1940, 341, 558, 586, 13, 50564], "temperature": 0.0, "avg_logprob": -0.6715192113603864, "compression_ratio": 0.8367346938775511, "no_speech_prob": 0.027057237923145294}], "language": "en"}