{"text": " Okay, this is giving me a transcript, and while where was this when I needed it? I am.", "segments": [{"id": 0, "seek": 0, "start": 0.0, "end": 7.0, "text": " Okay, this is giving me a transcript, and while where was this when I needed it?", "tokens": [50364, 1033, 11, 341, 307, 2902, 385, 257, 24444, 11, 293, 1339, 689, 390, 341, 562, 286, 2978, 309, 30, 50714], "temperature": 0.0, "avg_logprob": -0.5587787628173828, "compression_ratio": 1.075, "no_speech_prob": 0.04133579879999161}, {"id": 1, "seek": 0, "start": 7.0, "end": 8.0, "text": " I am.", "tokens": [50714, 286, 669, 13, 50764], "temperature": 0.0, "avg_logprob": -0.5587787628173828, "compression_ratio": 1.075, "no_speech_prob": 0.04133579879999161}], "language": "en"}